row_a,row_b,jaccard
2,8176,0.8767
2,8364,0.8274
4,2682,0.8557
9,3007,0.9622
12,2850,0.863
12,3726,0.863
12,4268,0.9143
12,8555,0.863
16,735,0.8283
16,5412,0.9341
16,6436,0.8933
16,8539,0.9127
23,112,0.9359
27,2045,0.8534
27,6508,0.9083
27,8279,0.9083
28,63,0.8462
28,1062,0.837
28,1148,0.8876
28,2071,0.837
28,2215,0.837
28,2803,0.837
28,5022,0.837
28,6215,0.8462
29,3294,0.9503
30,3154,0.8435
36,2478,0.9143
36,7487,0.904
36,8211,0.9195
36,8218,0.9422
42,2346,0.9542
44,1755,0.9227
47,2113,0.8333
47,6515,0.9919
54,1393,0.8972
55,1451,0.8652
55,7247,0.8411
55,7371,0.9257
58,4980,0.9472
63,1062,0.837
63,1148,0.8462
63,2071,0.837
63,2215,0.837
63,2803,0.837
63,5022,0.837
63,6215,0.8462
65,5376,0.8618
67,1274,0.8053
67,2172,0.8449
67,6162,0.808
72,8125,0.8562
75,2530,0.9384
79,8131,0.8377
82,3707,0.9725
85,6768,0.8026
85,9066,0.8298
95,2881,0.8512
95,4796,0.8598
95,6020,0.8412
95,9079,0.827
95,9465,0.8481
98,157,0.8859
98,2211,0.8859
98,2271,0.8859
98,2781,0.8609
98,5733,0.9514
98,5846,0.8065
98,7577,0.8701
98,9414,0.8667
99,7336,0.9471
99,8292,0.9824
107,6889,0.8148
110,3762,0.8276
110,5638,0.9099
117,1236,0.8333
117,7664,0.8864
129,3547,0.9087
133,765,0.9524
133,3114,0.8468
133,5932,0.8468
133,8217,0.8276
133,9357,0.8468
137,494,0.9043
137,1877,0.951
137,2483,0.951
137,3249,0.951
137,4013,0.8664
137,4642,0.8539
137,5108,0.9183
137,6679,1.0
137,6885,0.951
137,6900,0.875
137,7555,0.9272
137,7836,0.9043
137,7989,0.9104
137,8371,0.932
137,9319,0.9272
140,9289,0.97
143,7017,0.8312
149,1117,0.8786
149,3489,0.8014
152,2166,0.9796
157,2211,0.9315
157,2271,0.9315
157,2781,0.9054
157,5733,0.9315
157,7577,0.8889
157,9414,0.8013
171,8047,0.8061
174,952,0.9229
174,1179,0.8311
174,3150,0.8575
174,4209,0.8294
175,3038,0.9573
178,1685,0.9586
178,5140,0.9211
178,8049,0.9141
181,2164,0.8611
183,823,0.947
183,4986,0.947
183,8927,0.8935
189,1214,0.9037
189,7899,0.9731
190,3083,0.9658
192,1773,0.8246
192,2039,0.8246
192,5389,0.8246
192,5713,0.8246
192,6059,0.8246
192,6097,0.8246
192,6252,0.8246
192,8717,0.8246
192,8797,0.8246
192,8940,0.8246
192,9307,0.8246
198,6630,0.8255
211,3482,0.8713
211,4736,0.8742
211,5424,0.9655
211,6430,0.8447
211,6968,0.9362
211,7201,0.8684
211,8718,0.8608
212,4421,0.8713
213,7251,0.9879
216,1510,0.8736
220,259,0.8246
220,2119,0.8246
220,2564,0.8246
220,3859,0.8246
220,4912,0.8246
220,5716,0.8246
220,6285,0.8246
220,8507,0.8246
220,8597,0.8246
220,8739,0.8246
220,8840,0.8246
230,1278,0.9391
235,1677,0.9311
236,8086,0.8624
240,585,0.949
243,1881,0.8851
253,7759,0.9155
255,7076,0.8983
259,2119,0.8246
259,2564,0.8246
259,3859,0.8246
259,4912,0.8246
259,5716,0.8246
259,6285,0.8246
259,8507,0.8246
259,8597,0.8246
259,8739,0.8246
259,8840,0.8246
270,7218,0.8158
272,2073,0.9473
272,7902,0.9374
275,9222,0.9577
276,378,0.8039
276,1124,0.8163
280,7412,0.878
285,9298,0.8253
289,7630,0.9317
290,3686,0.861
290,9358,0.9066
298,1926,0.8248
298,3005,0.8071
298,3700,0.8129
298,5274,0.8676
299,1927,0.898
302,1103,0.8079
302,4934,0.8079
304,2216,0.8207
304,5632,0.8031
312,6548,0.8497
313,2464,0.9198
313,2577,0.9292
313,3143,0.9198
317,370,0.8468
317,795,0.9524
317,930,0.8468
317,1698,0.8545
317,8002,0.8468
317,8549,0.8468
323,4599,0.8013
323,7004,0.9286
323,8041,0.8621
327,428,0.9751
327,5563,0.9274
329,1451,0.8029
329,7247,0.8049
330,3804,0.8942
330,5444,0.8442
332,1577,0.9028
343,7002,0.9229
346,7456,0.9036
348,2264,0.9584
348,4059,0.8151
351,4918,0.9369
351,5451,0.9305
351,9011,0.9659
357,821,0.8485
363,1043,0.8331
363,1291,0.9114
363,1348,0.9253
363,1796,0.9429
363,3162,0.9269
363,4240,0.9145
363,4365,0.922
363,6779,0.9443
363,8033,0.9255
363,8422,0.9957
363,8664,0.8112
363,9483,0.9834
365,5575,0.9342
368,4205,0.9119
369,6610,0.8211
370,795,0.8716
370,930,0.8545
370,1698,0.8624
370,8002,0.8545
370,8549,0.8545
379,2466,0.9504
379,2933,0.9504
379,6935,1.0
389,515,0.8325
389,3722,0.8099
389,4603,0.9256
389,5179,0.8809
389,5923,0.9079
389,6184,0.895
389,6205,0.9013
389,7921,0.9256
389,8386,0.9084
389,9187,0.8892
399,2217,0.8901
402,6043,1.0
407,1625,0.9603
411,813,0.9588
418,2393,0.9148
424,3266,0.9635
424,8707,0.9715
424,9012,0.9715
426,6464,0.8269
428,5563,0.9508
431,2043,0.8586
431,2506,0.9781
432,3617,0.8342
435,7098,0.8041
443,2780,0.9177
443,3137,0.8214
443,3704,0.8934
443,7314,0.969
443,8094,0.8091
450,955,0.8337
451,1757,0.9397
457,3549,0.8941
459,7095,0.9983
468,1087,1.0
468,3042,0.8296
468,5008,0.8296
476,6122,0.9193
476,6811,0.9152
476,8052,0.8982
476,8458,0.9238
478,2009,0.8043
481,4514,0.8267
491,2469,0.9088
492,3034,0.955
494,1877,0.9227
494,2483,0.9043
494,3249,0.9043
494,4013,0.8664
494,4642,0.8288
494,5108,0.891
494,6679,0.9043
494,6885,0.9227
494,6900,0.8493
494,7555,0.8995
494,7836,0.9227
494,7989,0.8664
494,8371,0.951
494,9319,0.8995
498,750,0.8889
498,4248,0.8889
498,4362,0.8889
500,2865,0.8077
500,3315,0.8182
500,6524,0.8667
503,3211,0.9187
505,785,0.9111
505,5095,0.9973
506,4546,0.9577
507,2302,0.8187
511,3993,0.8862
511,4207,0.9244
511,6983,0.8928
515,3722,0.9725
515,4603,0.9016
515,5179,0.8903
515,5923,0.8632
515,6184,0.9347
515,6205,0.8869
515,7921,0.9016
515,9187,0.8795
534,1308,0.9604
536,3650,0.9718
537,8148,0.962
538,8303,0.9574
547,4893,0.9452
547,5519,0.8081
547,6877,0.9471
554,6911,0.9397
555,2901,0.979
557,4801,0.8169
557,6438,0.831
557,8398,0.831
566,4979,0.9137
566,6145,0.8894
569,5218,0.988
570,9039,0.9091
575,4718,0.823
578,2102,0.9048
579,948,0.8761
588,7206,0.982
591,7349,0.8211
594,1479,0.8608
594,2063,0.8641
598,1494,0.8276
598,1893,0.8276
598,2433,0.8276
598,3303,0.8276
598,3631,0.8276
598,5741,0.8276
598,6052,0.8276
598,7358,0.8276
598,7840,0.8276
598,7913,0.8276
598,9219,0.8276
601,3739,0.8162
601,5431,0.8643
607,5972,0.9538
612,3484,0.9658
614,3677,0.8676
614,6836,0.8014
620,5981,0.8742
622,992,0.953
622,1474,0.953
622,2273,0.8962
622,4790,0.9378
622,5341,0.9459
622,6862,0.913
622,8878,0.9149
625,1269,0.8825
625,2325,0.8439
625,2378,0.927
625,2516,0.8377
625,2545,0.9563
625,2601,0.9328
625,4131,0.8106
625,6755,0.8377
625,9101,0.9147
629,6500,0.8116
629,7969,0.8019
629,8435,0.9402
629,8508,0.9627
630,7047,0.8808
635,1407,0.9414
635,2010,0.9522
635,6973,0.9049
635,7378,0.9582
635,7493,0.8196
635,9077,0.8043
636,5068,0.9732
639,6503,0.8687
642,1437,0.9203
643,2975,0.9524
643,3362,0.8844
646,1121,0.9118
649,3611,0.9632
649,4610,0.9632
649,8144,0.9358
657,1816,0.9505
657,2890,0.9322
663,1746,0.9758
676,5185,0.8124
677,4848,0.9861
678,3619,0.9163
684,2338,0.956
684,5432,0.8055
691,6942,0.9085
695,1681,0.8005
695,3476,0.8804
695,3529,0.8476
695,3982,0.8575
695,4337,0.8828
695,6765,0.8199
695,6816,0.801
695,8725,0.8011
698,2978,0.9873
698,6916,0.9954
701,1718,0.8351
701,4753,0.8061
701,7919,0.8969
703,5801,0.9257
708,5695,0.8025
726,7230,1.0
727,4534,0.8862
727,6211,0.8826
727,6338,0.8862
727,9082,0.891
730,5176,0.8505
730,7479,1.0
735,5412,0.8006
738,3265,0.8281
741,1202,0.8504
741,7821,0.9306
747,1088,0.9634
747,8899,0.9721
750,4248,0.8889
750,4362,0.8889
753,9050,0.9908
765,1207,0.8214
765,3114,0.8545
765,5932,0.8545
765,9357,0.8716
773,1438,0.8939
773,9234,0.8939
776,6257,0.9351
781,5536,0.8306
781,8387,0.9688
783,2578,0.854
785,5095,0.9087
787,8841,0.8769
792,1272,0.8294
794,4799,0.9085
795,930,0.8545
795,1698,0.8624
795,8002,0.8545
795,8549,0.8545
809,3179,0.847
809,3905,0.9588
809,6970,0.847
809,7142,0.847
811,8200,0.9544
814,2241,1.0
819,7124,0.8111
822,1415,0.8571
823,4986,0.9504
823,8927,0.8966
825,3288,0.8342
825,6602,0.8872
836,1237,0.8299
843,7271,0.9192
847,2730,0.8919
847,6748,0.823
849,978,0.8434
849,2842,0.8644
849,3871,0.9022
849,3962,0.8851
849,5386,0.8817
849,6296,0.8563
849,6594,0.8436
849,6709,0.9704
849,8116,0.9306
849,8379,0.8705
849,8749,0.9059
850,1968,0.9495
850,7363,0.9218
850,9133,0.9708
853,8062,0.8778
856,6174,0.9248
856,8632,0.8306
864,4032,0.9273
864,6146,0.9375
865,1370,0.9415
868,3031,0.9069
868,5833,0.9434
877,2473,0.8976
879,2085,0.927
882,3394,0.8337
895,6347,0.8806
895,6771,0.9065
895,6884,0.8564
897,1208,0.8862
897,5453,0.8849
897,7802,0.8986
897,8127,0.8368
897,8997,0.9649
899,3464,0.9012
905,7559,0.9598
909,4287,0.8251
911,4936,0.8718
911,7388,0.8718
911,7634,0.8434
921,6950,0.9222
925,2275,0.8438
926,3280,0.8361
928,9413,0.9788
930,1698,0.8624
930,8002,0.8716
930,8549,0.8716
935,1283,0.8571
936,3796,0.9569
938,2157,0.8228
938,7203,0.9099
941,5555,0.9327
941,8461,0.9327
946,5351,0.9644
949,2881,0.8133
949,4796,0.8348
949,6020,0.8526
949,9079,0.8043
949,9465,0.8103
951,2361,0.9339
952,3150,0.9256
956,1552,0.8261
956,3273,0.8632
958,5724,0.952
958,5886,0.819
958,7290,0.8032
962,6280,0.94
962,8031,0.9185
962,8909,0.94
976,7618,0.8022
978,2842,0.9645
978,5386,0.9383
978,6296,0.9691
978,6709,0.8595
978,8379,0.9566
986,7809,0.9526
987,7758,0.9908
988,4184,0.8314
988,7145,0.88
992,1474,0.9737
992,2273,0.8917
992,4790,0.9084
992,5341,0.9561
992,6862,0.933
992,8878,0.9351
994,4113,0.9564
995,2031,0.88
995,3030,0.88
995,3652,0.888
999,2851,0.8483
1002,2447,0.8684
1002,3322,0.8684
1002,6529,0.8684
1003,3856,0.8428
1006,7632,0.8625
1010,8316,0.9303
1014,1450,0.8103
1014,9266,0.8103
1015,1413,0.9234
1015,4355,0.9674
1015,7163,0.8468
1015,8057,0.8862
1021,5081,0.9011
1021,6384,0.9388
1021,8323,0.8877
1023,4920,0.8216
1025,1099,0.9576
1025,5627,0.8503
1025,6621,0.8443
1025,9067,0.859
1033,6658,0.837
1035,7982,0.9517
1041,7321,0.8701
1043,1291,0.9124
1043,1348,0.8855
1043,1796,0.8046
1043,3162,0.8957
1043,4240,0.9121
1043,4365,0.9048
1043,6779,0.8058
1043,8033,0.8803
1043,8422,0.8297
1043,8664,0.9754
1043,9483,0.8357
1044,1918,0.8242
1044,3477,0.8864
1044,3538,0.8864
1044,5825,0.8602
1044,9163,0.8523
1045,9003,0.9846
1053,3844,0.9757
1053,8825,0.939
1062,1148,0.837
1062,2071,0.8478
1062,2215,0.8478
1062,2803,0.8889
1062,5022,0.8889
1062,6215,0.837
1068,6066,0.8148
1069,5254,0.9605
1070,3736,0.9694
1079,4518,0.9548
1087,3042,0.8296
1087,5008,0.8296
1088,8899,0.9691
1089,3598,0.9238
1099,5627,0.877
1099,6621,0.8709
1099,9067,0.8919
1102,2748,0.9871
1102,7143,0.9488
1103,4934,0.8079
1104,4646,0.8
1104,5275,0.9358
1106,4750,0.9494
1106,5624,0.9941
1108,1684,0.9315
1108,6632,0.9315
1108,8125,0.9241
1117,3489,0.9111
1117,4316,0.8099
1123,8536,0.8289
1123,9241,1.0
1125,4769,0.9028
1137,9403,0.9482
1143,6807,0.8113
1143,9294,0.8113
1144,3818,0.8092
1144,8513,0.8712
1148,2071,0.9425
1148,2215,0.837
1148,2803,0.837
1148,5022,0.837
1148,6215,0.8462
1159,1614,0.9192
1159,2634,0.9487
1159,5041,0.8867
1159,5349,0.9158
1159,6248,0.8867
1159,8400,0.8571
1159,8818,0.8413
1164,4786,0.8279
1167,6807,0.8654
1168,1229,0.9537
1171,6910,0.8521
1174,4484,0.8339
1177,1825,0.8764
1177,9361,0.8
1179,4209,0.8056
1183,6748,0.9057
1185,4146,0.8277
1186,5155,0.8734
1194,6965,0.9695
1200,7278,0.9352
1202,7821,0.8873
1202,9374,0.9167
1205,4609,0.8955
1207,3114,0.8053
1207,5932,0.8053
1207,9357,0.8545
1208,5453,0.8431
1208,7802,0.8448
1208,8997,0.8994
1212,2188,0.8219
1213,7675,0.9476
1214,7899,0.8803
1215,3227,0.8125
1218,5353,0.9506
1219,7966,0.923
1221,3486,0.813
1222,5746,0.814
1222,9281,0.814
1223,6920,0.8559
1225,9484,0.8093
1227,2186,0.8209
1227,4789,0.8227
1230,3324,0.8562
1231,5723,0.948
1236,7664,0.8333
1257,2783,0.9323
1269,2325,0.802
1269,2378,0.8169
1269,2545,0.8825
1269,2601,0.8212
1269,3598,0.8356
1269,9101,0.8057
1270,4492,0.8123
1270,8446,0.8251
1274,6162,0.9571
1276,5302,0.9502
1281,7967,0.924
1284,3505,0.8883
1284,6706,0.9135
1285,2756,0.9251
1287,5917,0.8714
1290,8087,0.8503
1290,8329,0.8255
1291,1348,0.9671
1291,1796,0.8793
1291,3162,0.9786
1291,4240,0.9966
1291,4365,0.9886
1291,6779,0.8806
1291,8033,0.9613
1291,8422,0.9076
1291,8664,0.8893
1291,9483,0.9136
1293,4859,0.947
1293,8070,0.947
1294,6033,0.8564
1298,1700,0.854
1298,2149,0.8805
1298,2517,0.8279
1298,5296,0.8594
1298,6429,0.9238
1303,1807,0.8077
1303,2282,0.8077
1303,4469,0.8077
1303,5541,0.8077
1306,4910,0.8726
1310,3813,0.844
1312,1610,0.9928
1312,4410,0.9601
1312,7635,0.8739
1313,1833,0.8901
1323,8269,0.9591
1327,9146,0.9772
1332,6411,0.8727
1334,2207,0.8736
1336,3261,0.8611
1336,4972,1.0
1342,5125,0.8
1348,1796,0.8971
1348,3162,0.9881
1348,4240,0.9704
1348,4365,0.9782
1348,6779,0.8984
1348,8033,0.9891
1348,8422,0.9214
1348,8664,0.8629
1348,9483,0.932
1359,1800,0.9614
1359,3909,0.9425
1359,4030,0.8876
1359,4344,0.8876
1359,5666,0.9385
1359,6703,0.9385
1365,3748,0.935
1372,2921,0.8679
1374,5260,0.8684
1374,8521,0.8684
1375,5626,0.9965
1378,2822,0.9628
1380,3356,0.8839
1380,4443,0.9009
1380,4538,0.8048
1380,7283,0.9152
1380,7291,0.8509
1380,7709,0.9537
1381,3019,0.9375
1381,5000,0.9618
1381,6565,0.8284
1381,6857,0.8197
1381,8498,0.8129
1382,2616,0.9195
1382,8157,0.8852
1382,8391,0.9153
1387,1463,0.918
1388,6541,0.8486
1390,8134,0.8618
1393,4589,0.8017
1394,6877,0.8448
1395,8476,0.9744
1396,1704,0.9263
1396,3208,0.9906
1397,4880,0.8712
1399,5811,0.9523
1401,1953,0.8836
1401,2894,0.8828
1401,5398,0.8738
1401,7944,0.8738
1401,8583,0.9406
1405,5417,0.8711
1407,2010,0.8963
1407,6973,0.9049
1407,7378,0.9019
1407,7493,0.8196
1407,9077,0.8043
1413,1754,0.8035
1413,4355,0.9555
1413,7163,0.9096
1413,8057,0.9586
1427,2558,0.9651
1427,4165,0.8733
1431,2853,0.8777
1431,4926,0.9389
1433,4673,0.8454
1436,8800,0.9359
1438,9234,0.9231
1439,2685,0.869
1439,3442,0.808
1439,3483,0.8978
1439,3597,0.854
1439,4359,0.8225
1439,4747,0.8467
1439,4856,0.8635
1439,6159,0.9984
1439,7058,0.9334
1439,7807,0.9134
1439,7815,0.9105
1439,8936,0.822
1440,3804,0.8743
1440,4144,0.9136
1440,5444,0.8743
1440,7138,0.8665
1440,8045,0.9191
1440,8832,0.9136
1443,1673,0.8985
1443,7642,0.9479
1450,9266,0.9945
1451,7247,0.9724
1451,7371,0.9372
1452,5279,0.8312
1456,4320,0.8465
1456,5171,0.8835
1468,2534,0.8652
1468,7273,0.9042
1470,7121,0.9116
1474,2273,0.8917
1474,4790,0.9084
1474,5341,0.951
1474,6862,0.9084
1474,8878,0.9103
1477,3230,0.8436
1477,5975,0.9046
1478,2103,0.959
1479,3770,0.8898
1479,8193,0.8723
1483,2675,0.9531
1486,5719,0.899
1488,8775,0.9677
1492,3819,0.8761
1494,1893,0.8276
1494,2433,0.8276
1494,3303,0.8276
1494,3631,0.8276
1494,5741,0.8276
1494,6052,0.8276
1494,7358,0.8276
1494,7840,0.8276
1494,7913,0.8276
1494,9219,0.8276
1497,6858,0.9056
1499,2116,0.9503
1499,3729,0.9503
1499,5182,0.9675
1499,8532,0.9503
1501,3494,0.863
1505,4961,0.9459
1511,3374,0.814
1511,6534,0.9253
1511,8300,0.8129
1514,4192,0.8331
1514,8341,0.8372
1518,2482,0.8252
1518,8383,0.9188
1519,1718,0.9318
1519,3215,0.9425
1519,4133,0.8351
1519,4753,0.837
1519,6361,0.837
1519,6992,0.837
1519,7423,0.8462
1519,8312,0.8462
1519,9300,0.8462
1522,8861,1.0
1523,9235,0.9672
1538,2147,0.9171
1544,2127,0.839
1544,5757,0.8547
1544,5935,0.887
1544,9318,0.887
1545,3601,0.9556
1547,9331,0.9591
1548,3998,0.9545
1548,8059,0.8946
1550,7667,0.9162
1552,3273,0.9472
1571,8155,0.96
1581,3677,0.9014
1581,5392,0.9496
1581,5868,0.8621
1581,6836,0.9014
1586,6944,0.8395
1594,2052,0.9132
1597,2099,0.8319
1597,2725,0.8265
1597,7825,0.9421
1597,8073,0.927
1603,2488,0.9291
1610,4410,0.9532
1610,7635,0.8779
1613,6471,0.9295
1613,9060,0.8567
1614,2634,0.9192
1614,5041,0.8592
1614,5349,0.8971
1614,6248,0.8592
1614,8400,0.8396
1614,8818,0.8325
1623,6261,0.9115
1627,8484,0.8068
1631,1781,0.8015
1631,6581,0.8243
1641,2268,0.9191
1641,5085,0.9206
1641,6151,0.9206
1647,9279,0.9774
1657,4741,0.8312
1664,9129,0.811
1670,7958,0.8033
1672,1835,1.0
1673,7642,0.8515
1675,8036,1.0
1678,2879,0.9615
1681,3529,0.8392
1681,3982,0.8391
1681,6765,0.8026
1683,5294,0.8077
1684,6632,1.0
1684,8125,0.9241
1685,5140,0.9262
1685,8049,0.9137
1686,8860,0.8889
1691,8531,0.9814
1694,4665,0.9969
1694,6701,0.9398
1694,7472,0.9428
1694,7498,0.9023
1694,7571,0.8996
1698,8002,0.9519
1698,8549,0.8624
1700,2149,0.8814
1700,5296,0.9797
1701,6416,0.8077
1704,3208,0.9175
1710,5350,0.8261
1714,4855,0.9682
1714,4914,0.9702
1714,7681,0.9197
1714,8724,0.947
1714,8977,0.946
1716,4275,0.8737
1717,6054,0.8795
1718,3215,0.9213
1718,4753,0.8191
1718,6361,0.8191
1718,6992,0.8191
1718,7423,0.828
1718,7919,0.8351
1718,8312,0.828
1718,9300,0.828
1719,9369,0.8421
1722,3897,0.8517
1724,7331,0.8199
1728,9065,0.8431
1729,4057,0.8415
1730,8693,0.8816
1732,5785,0.8972
1737,2471,0.8807
1737,2638,0.9685
1737,3325,0.8495
1737,3800,0.903
1737,3894,0.8311
1737,6295,0.8889
1737,6497,0.8198
1742,8054,0.9193
1745,7700,0.8242
1754,7163,0.8785
1754,8057,0.805
1765,4051,0.9862
1769,5450,0.9524
1773,2039,0.8246
1773,5389,0.8246
1773,5713,0.8246
1773,6059,0.8246
1773,6097,0.8246
1773,6252,0.8246
1773,8717,0.8246
1773,8797,0.8246
1773,8940,0.8246
1773,9307,0.8246
1781,6581,0.8377
1781,8005,0.8219
1785,6051,0.8592
1789,4924,0.9528
1793,9161,0.9419
1796,3162,0.8985
1796,4240,0.8823
1796,4365,0.8894
1796,6779,0.9985
1796,8033,0.8974
1796,8422,0.9458
1796,9483,0.9525
1800,3909,0.9425
1800,4030,0.8598
1800,4344,0.8598
1800,5666,0.9091
1800,6703,0.9091
1807,2282,0.8077
1807,4469,0.8077
1807,5541,0.8077
1816,2890,0.9316
1825,3939,0.8889
1825,6161,0.8061
1825,7039,0.8889
1827,4429,0.9527
1830,5265,0.898
1830,6416,0.8077
1839,6895,0.9194
1843,2560,0.8065
1843,7238,0.9887
1843,9306,0.8065
1844,2959,0.9503
1844,5720,0.9823
1847,4731,0.8087
1849,4894,0.9208
1849,6873,0.9457
1868,7787,0.953
1870,6373,0.9385
1870,9274,0.8057
1872,3890,0.8815
1872,9166,0.8625
1874,5343,0.8654
1877,2483,0.951
1877,3249,0.951
1877,4013,0.875
1877,4642,0.8539
1877,5108,0.9183
1877,6679,0.951
1877,6885,1.0
1877,6900,0.875
1877,7555,0.9272
1877,7836,0.951
1877,7989,0.9194
1877,8371,0.951
1877,9319,0.9272
1878,8225,0.8276
1885,6746,0.964
1890,4147,0.9481
1893,2433,0.8276
1893,3303,0.8276
1893,3631,0.8276
1893,5741,0.8276
1893,6052,0.8276
1893,7358,0.8276
1893,7840,0.8276
1893,7913,0.8276
1893,9219,0.8276
1895,5852,0.9099
1895,7189,0.9099
1895,8731,0.8879
1895,8970,0.9364
1896,2463,0.9123
1896,5593,0.9176
1896,5771,0.907
1896,6168,0.9176
1896,8295,0.858
1902,3853,0.9613
1904,2874,0.8718
1904,4775,0.8
1904,7670,0.8718
1904,8598,0.92
1904,9352,0.8
1905,9249,0.8105
1912,5681,0.8216
1912,5774,0.8706
1913,2509,0.9206
1916,7833,0.9586
1921,2151,0.9176
1921,2610,0.8758
1921,2861,0.9409
1921,4216,0.9879
1921,7085,0.8764
1922,2570,0.9011
1922,6687,0.894
1922,6831,0.9388
1931,3366,0.9269
1931,4865,0.9269
1931,7317,0.9038
1931,9315,0.9269
1933,7389,0.9051
1933,8771,0.9892
1934,2685,0.8139
1934,3483,0.8099
1934,3597,0.8128
1934,4359,0.816
1934,8936,0.8206
1935,2100,0.8308
1935,4505,0.9896
1935,6406,0.8229
1942,8111,0.955
1943,1990,0.9442
1945,2138,0.8266
1951,2997,0.9412
1953,2894,0.8574
1953,5398,0.8483
1953,7944,0.8483
1953,8583,0.8836
1967,8230,0.8705
1968,7363,0.9709
1968,9133,0.9218
1969,2486,0.9091
1973,8063,0.8734
1973,9213,0.8734
1975,9024,0.9426
1979,6267,0.8013
1983,7927,0.8685
1984,4289,0.8723
1998,5871,0.9682
1998,8496,0.9674
2006,7600,0.9762
2007,3526,0.8069
2007,7118,0.8056
2010,6973,0.8944
2010,7378,0.9938
2010,7493,0.8204
2010,9077,0.8099
2021,8220,0.9902
2026,7275,0.8689
2027,4149,0.8627
2030,3612,1.0
2030,8875,0.9563
2031,3030,0.8871
2031,3652,0.88
2032,2688,0.9453
2032,4911,0.8841
2034,4779,0.9033
2036,9105,0.8454
2039,5389,0.8246
2039,5713,0.8246
2039,6059,0.8246
2039,6097,0.8246
2039,6252,0.8246
2039,8717,0.8246
2039,8797,0.8246
2039,8940,0.8246
2039,9307,0.8246
2043,2506,0.8399
2045,6508,0.8376
2045,8279,0.886
2048,5288,0.8723
2053,6528,0.8431
2066,4961,0.8276
2071,2215,0.8889
2071,2803,0.8478
2071,5022,0.8478
2071,6215,0.837
2073,7902,0.8866
2076,3276,0.8616
2076,5577,0.8174
2076,8463,0.8174
2077,2192,0.8987
2099,2725,0.9683
2099,7825,0.8012
2099,8073,0.8012
2100,4505,0.8229
2100,6406,0.9374
2100,7766,0.8035
2101,2642,0.8783
2101,4653,0.8531
2104,5320,0.9424
2104,6047,0.8874
2113,6515,0.8263
2115,2408,0.8504
2115,7941,0.9206
2116,3729,0.9705
2116,5182,0.9531
2116,8532,0.9705
2119,2564,0.8246
2119,3859,0.8246
2119,4912,0.8246
2119,5716,0.8246
2119,6285,0.8246
2119,8507,0.8246
2119,8597,0.8246
2119,8739,0.8246
2119,8840,0.8246
2121,9231,0.9351
2123,2472,0.9884
2123,2709,0.9884
2123,5803,0.8964
2127,5665,0.8333
2127,5757,0.9091
2127,5935,0.9091
2127,9318,0.9091
2134,3017,0.8
2134,4437,0.8
2149,5296,0.8871
2149,6429,0.8158
2151,2610,0.9315
2151,2861,0.9683
2151,4216,0.9196
2151,6281,0.8281
2151,7085,0.9322
2157,7203,0.8975
2165,3879,0.8451
2165,3933,0.8086
2165,6919,0.8086
2182,7746,0.8069
2183,2776,0.8833
2183,6671,0.8317
2183,7200,0.9395
2183,8960,0.8906
2186,3604,0.8271
2188,9260,0.8289
2194,2885,0.9879
2195,6084,0.8333
2195,6840,0.8864
2195,9313,0.8864
2203,2908,0.9936
2208,7658,0.8276
2211,2271,0.9315
2211,2781,0.9054
2211,5733,0.9315
2211,7577,0.8766
2211,9414,0.8013
2215,2803,0.8478
2215,5022,0.8478
2215,6215,0.837
2216,5632,0.8031
2224,9095,0.9668
2235,6603,0.8406
2251,7773,0.9608
2253,2284,0.9969
2253,2642,0.8318
2253,2996,0.9672
2253,4298,0.9874
2253,4346,0.9526
2253,4653,0.8818
2253,5327,1.0
2268,5085,0.9206
2268,6151,0.9206
2271,2781,0.9054
2271,5733,0.9315
2271,7577,0.8766
2271,9414,0.8013
2273,4790,0.9557
2273,5341,0.895
2273,6862,0.9557
2273,8878,0.8934
2274,8827,0.8535
2282,4469,0.8077
2282,5541,0.8077
2284,2642,0.832
2284,2996,0.9642
2284,4298,0.9877
2284,4346,0.9529
2284,4653,0.8821
2284,5327,0.9969
2285,8021,0.8909
2293,3605,0.9414
2293,4472,0.9412
2293,5383,0.9412
2293,7704,0.9372
2294,6145,0.8063
2300,5462,0.9043
2304,2428,0.9512
2304,3189,0.8459
2304,7087,0.9512
2307,4958,0.9406
2309,8639,0.9316
2310,2727,0.9073
2311,5188,0.8345
2317,7403,0.8667
2325,2378,0.8672
2325,2545,0.8439
2325,2601,0.9
2325,9101,0.875
2334,4467,0.832
2334,5449,0.9583
2334,5601,0.8078
2334,7530,0.824
2334,9449,0.9053
2338,5432,0.8172
2348,5153,0.8683
2352,3888,0.811
2352,4798,0.9467
2362,4967,0.8065
2369,3978,0.8361
2372,2711,0.9946
2375,7323,0.9934
2376,4451,0.8069
2376,9083,0.8069
2377,7718,0.8973
2378,2516,0.8662
2378,2545,0.8866
2378,2601,0.9583
2378,4131,0.8305
2378,6755,0.8662
2378,9101,0.9565
2380,3756,0.9345
2383,4808,0.8293
2391,9353,0.9821
2397,2817,0.8701
2397,4611,0.9078
2397,5093,0.8553
2397,8010,0.8497
2397,8351,0.9153
2399,7003,0.8667
2405,2449,0.9639
2405,3115,0.9639
2405,3821,0.8
2405,6081,0.9639
2405,6531,0.9639
2407,2662,0.9655
2408,7941,0.8952
2411,4617,0.8047
2418,5780,0.9231
2428,3189,0.8575
2428,7087,0.9651
2429,3256,0.83
2430,7638,0.8248
2433,3303,0.8276
2433,3631,0.8276
2433,5741,0.8276
2433,6052,0.8276
2433,7358,0.8276
2433,7840,0.8276
2433,7913,0.8276
2433,9219,0.8276
2443,4497,0.875
2443,5151,0.814
2447,3322,0.8684
2447,6529,0.8684
2449,3115,0.9639
2449,3821,0.8
2449,6081,0.9639
2449,6531,0.9639
2461,3952,0.8182
2461,6468,0.8217
2463,3020,0.8579
2463,5593,0.9123
2463,5771,0.9017
2463,6168,0.9123
2463,8295,0.8531
2464,2577,0.8857
2464,3143,0.9569
2466,2933,1.0
2466,6935,0.9504
2468,8418,0.9162
2471,2638,0.9037
2471,3800,0.83
2472,2709,0.9923
2472,5803,0.9
2475,6378,0.9497
2478,7487,0.8261
2478,8211,0.8398
2478,8218,0.9143
2482,8383,0.835
2483,3249,0.951
2483,4013,0.8664
2483,4642,0.871
2483,5108,0.9183
2483,6679,0.951
2483,6885,0.951
2483,6900,0.8925
2483,7555,0.9272
2483,7836,0.9043
2483,7989,0.9104
2483,8371,0.932
2483,9319,0.9272
2487,2835,0.9194
2490,3968,0.8197
2490,4843,0.9683
2490,6319,0.9646
2494,7038,0.9066
2498,3638,0.9319
2498,4352,0.9485
2498,7494,0.9494
2498,7855,0.841
2499,4467,0.9128
2499,9449,0.827
2505,6472,0.8864
2505,7341,0.8021
2505,7700,0.8864
2507,3493,0.9537
2507,6206,0.901
2507,7898,0.9184
2516,2601,0.8797
2516,4131,0.9143
2516,6755,1.0
2516,9101,0.8621
2517,6429,0.8907
2521,8881,0.8858
2523,6740,0.8711
2523,7451,0.8454
2526,8658,0.9144
2537,7280,0.8485
2538,3381,0.8807
2539,8359,0.8324
2542,3093,0.9858
2542,9339,0.8495
2545,2601,0.8917
2545,9101,0.8747
2548,4926,0.8274
2551,6938,0.8824
2551,9117,0.9563
2558,4165,0.8529
2559,9325,0.9859
2560,7238,0.8151
2560,9306,1.0
2562,2680,0.9547
2564,3859,0.8246
2564,4912,0.8246
2564,5716,0.8246
2564,6285,0.8246
2564,8507,0.8246
2564,8597,0.8246
2564,8739,0.8246
2564,8840,0.8246
2570,6687,0.9341
2570,6831,0.9309
2576,6830,0.9533
2577,3143,0.9091
2586,3460,0.9977
2588,3185,0.8734
2588,3383,0.9668
2589,9022,0.9155
2591,3064,0.9746
2591,4445,0.8833
2591,6357,0.9207
2591,8489,0.9875
2600,3488,0.9108
2600,7932,0.8994
2601,4131,0.8272
2601,6755,0.8797
2601,9101,0.9713
2603,2648,0.9328
2603,3284,0.9328
2603,6289,1.0
2607,3988,0.8305
2610,2861,0.9215
2610,4216,0.8777
2610,6281,0.8276
2610,7085,0.9315
2612,5537,0.8036
2612,6795,0.8036
2616,8157,0.9289
2616,8391,0.8797
2617,7108,0.8323
2617,8985,0.8205
2625,7428,0.9512
2630,2715,0.8469
2630,4614,0.8958
2630,6034,0.8571
2631,8799,0.92
2634,5041,0.8867
2634,5349,0.9064
2634,6248,0.8867
2634,8400,0.8483
2634,8818,0.8413
2636,3413,0.9839
2637,3702,0.8611
2637,7856,0.8611
2638,3325,0.8219
2638,3800,0.875
2638,3894,0.8039
2638,6295,0.8602
2642,2996,0.8052
2642,4298,0.8395
2642,4346,0.8701
2642,4653,0.9439
2642,5327,0.8318
2647,3352,0.822
2647,4332,0.9441
2647,7589,0.918
2647,9154,0.8656
2648,3284,1.0
2648,6289,0.9328
2656,7920,0.9707
2659,3536,0.838
2659,4053,0.9551
2659,4269,0.919
2659,6906,0.8333
2659,7580,0.947
2659,7693,0.9226
2659,7871,0.8486
2659,8137,0.8562
2663,6770,0.8348
2667,2882,0.8147
2670,4406,0.8361
2685,3442,0.9004
2685,3483,0.8559
2685,3597,0.9831
2685,4359,0.9131
2685,4856,0.9517
2685,6159,0.8705
2685,7058,0.8443
2685,7738,0.8462
2685,7807,0.8424
2685,7815,0.8346
2685,8936,0.9129
2688,4911,0.8841
2689,6536,0.9241
2691,7592,0.8261
2701,8817,0.8197
2706,8051,0.8235
2709,5803,0.8972
2710,4320,0.9179
2710,5171,0.8791
2715,4614,0.8469
2715,6034,0.8469
2723,3465,0.8452
2723,9052,0.8047
2730,6748,0.823
2731,3166,0.8441
2748,7143,0.9614
2749,5800,0.9136
2751,8547,0.9244
2758,3010,0.8039
2769,6379,0.8641
2770,4921,0.9523
2773,3518,0.9248
2776,7200,0.9396
2776,8960,0.9209
2780,3704,0.9623
2780,7314,0.9014
2781,5733,0.9054
2781,7577,0.8526
2781,9414,0.8013
2797,3315,0.9189
2797,7258,0.8228
2803,5022,0.8889
2803,6215,0.837
2803,7117,0.8791
2810,8138,0.8501
2811,8098,0.8762
2813,5242,0.8592
2817,4611,0.8237
2817,5093,0.8165
2817,8010,0.8113
2817,8351,0.8429
2829,7817,0.9
2833,4525,0.8387
2833,4861,0.8387
2833,7117,0.8387
2833,8009,0.9432
2838,4213,0.8462
2838,6341,0.9349
2841,7197,0.8649
2842,5386,0.9679
2842,6296,0.9844
2842,6709,0.8836
2842,8116,0.808
2842,8379,0.992
2843,5458,0.8611
2843,6417,0.8611
2843,7719,0.8611
2847,3392,0.873
2847,4370,0.8442
2847,8567,0.8442
2850,3726,0.863
2850,6426,0.9143
2850,8555,0.863
2852,8100,0.8008
2853,4926,0.8229
2854,6415,0.9811
2861,4216,0.9389
2861,6281,0.823
2861,7085,0.9222
2865,3315,0.8077
2865,6524,0.8077
2865,7258,0.9067
2872,4810,0.901
2874,4775,0.92
2874,7670,0.8718
2874,8598,0.8
2874,9352,0.8
2881,3117,0.8345
2881,4796,0.9255
2881,6020,0.9063
2881,9079,0.8917
2881,9259,0.8253
2881,9465,0.9266
2892,7355,0.9403
2894,5398,0.8479
2894,7944,0.8479
2894,8583,0.8828
2897,8272,0.8039
2901,8752,0.8067
2903,6349,0.9961
2918,4255,0.8777
2921,8902,0.8196
2933,6935,0.9504
2937,4962,0.8982
2938,5321,0.8603
2941,8767,0.9576
2952,6410,0.9109
2952,9110,0.8914
2958,7435,0.8407
2959,5720,0.9674
2960,6150,0.8783
2960,6258,0.8783
2963,6943,0.8453
2968,3136,0.8398
2971,3258,0.92
2971,6359,0.8819
2975,3362,0.9286
2978,6916,0.9864
2979,6641,0.9654
2996,4298,0.9551
2996,4346,0.9217
2996,4653,0.8535
2996,5327,0.9672
3004,4011,0.8115
3004,6142,0.8452
3005,3700,0.8214
3005,5274,0.9323
3012,5777,0.9474
3019,5000,0.9012
3019,6565,0.8503
3019,6857,0.8708
3020,3520,0.9235
3025,3635,0.8489
3030,3652,0.88
3031,5592,0.858
3031,5833,0.9138
3042,5008,1.0
3042,5332,0.929
3042,7731,0.929
3054,6876,0.9359
3059,3226,0.9828
3059,3337,0.9772
3059,5574,0.9772
3059,7660,0.9919
3064,4445,0.8773
3064,6357,0.9399
3064,8489,0.9869
3078,4749,0.8473
3093,9339,0.8382
3110,4975,0.8803
3112,5595,0.8509
3112,5600,0.9333
3112,8361,0.9333
3112,9411,0.9333
3114,5932,0.8716
3114,9357,0.8545
3115,3821,0.8
3115,6081,0.9639
3115,6531,0.9639
3117,4796,0.8425
3117,6020,0.8462
3117,9079,0.8419
3117,9259,0.9892
3117,9465,0.8315
3121,9301,0.8909
3130,4367,0.8201
3130,4814,0.8201
3133,6412,0.8041
3136,7239,0.8261
3136,8813,0.8201
3137,7314,0.8087
3137,8094,0.9691
3149,7794,0.9769
3161,9420,0.988
3162,4240,0.982
3162,4365,0.9899
3162,6779,0.8998
3162,8033,0.9821
3162,8422,0.923
3162,8664,0.8729
3162,9483,0.9337
3164,5067,0.9764
3166,7632,0.827
3167,8572,0.863
3179,3905,0.8111
3179,6970,1.0
3179,7142,1.0
3185,3383,0.8447
3189,7087,0.8575
3190,9447,0.9732
3197,6566,0.9552
3215,4753,0.8478
3215,6361,0.8478
3215,6992,0.8889
3215,7423,0.837
3215,8312,0.837
3215,9300,0.837
3218,6086,0.8701
3218,8283,0.8228
3225,4296,0.8425
3226,3337,0.9923
3226,5574,0.9923
3226,7660,0.9777
3230,5975,0.9346
3236,8808,0.9507
3237,3447,0.9227
3237,3824,0.9507
3237,4632,0.9317
3238,5167,0.8005
3239,4740,1.0
3249,4013,0.8925
3249,4642,0.8539
3249,5108,0.9183
3249,6679,0.951
3249,6885,0.951
3249,6900,0.875
3249,7555,0.9272
3249,7836,0.9043
3249,7989,0.9378
3249,8371,0.932
3249,9319,0.9272
3258,6359,0.8819
3261,4972,0.8611
3266,8707,0.9471
3266,9012,0.9525
3272,6769,0.879
3272,7192,0.8554
3272,9216,0.8738
3276,5577,0.8684
3276,8463,0.8684
3283,4607,0.8056
3283,7584,0.8571
3284,6289,0.9328
3288,5301,0.8408
3288,6602,0.9427
3303,3631,0.8276
3303,5741,0.8276
3303,6052,0.8276
3303,7358,0.8276
3303,7840,0.8276
3303,7913,0.8276
3303,9219,0.8276
3305,7068,0.8263
3315,6524,0.8182
3318,9410,0.9002
3322,6529,1.0
3322,9182,0.8395
3325,3894,0.9782
3325,6295,0.9557
3325,6497,0.965
3337,5574,0.9933
3337,7660,0.9786
3352,4332,0.871
3352,5301,0.8316
3352,7146,0.8187
3352,7589,0.8187
3352,9154,0.8962
3356,4443,0.9358
3356,7283,0.8491
3356,7291,0.8348
3356,7709,0.8839
3357,7799,0.904
3357,8696,0.9531
3359,4523,0.8304
3366,4865,0.9908
3366,7255,0.837
3366,7317,0.9627
3366,9315,0.9908
3368,8875,0.8125
3369,8949,0.9279
3373,4300,0.8058
3374,6534,0.8698
3380,5644,0.8611
3385,4218,0.8661
3385,8628,0.8739
3392,4370,0.8312
3392,8567,0.8312
3395,4600,0.9083
3395,4845,0.8534
3396,3540,0.9703
3396,7018,0.9669
3401,4003,0.9171
3408,5390,0.9012
3410,3622,0.8353
3410,3716,0.8353
3410,4448,0.8353
3410,6822,0.8353
3416,3615,0.9717
3416,4829,0.8751
3416,5840,0.9284
3416,7771,0.9044
3416,8736,0.9027
3431,4235,0.992
3435,6783,0.8037
3435,8017,0.9595
3436,9141,0.8511
3442,3483,0.8245
3442,3597,0.8853
3442,4359,0.8858
3442,4856,0.8812
3442,6159,0.8095
3442,7058,0.8211
3442,7738,0.8097
3442,7807,0.8139
3442,7815,0.8115
3442,8936,0.891
3447,3824,0.9227
3447,4632,0.9227
3476,3529,0.8112
3476,3982,0.8021
3476,4337,0.9803
3477,3538,0.8864
3477,5825,0.8021
3482,4736,0.8642
3482,5424,0.9027
3482,6430,0.8963
3482,6968,0.8516
3482,7201,0.8586
3482,8718,0.8571
3483,3597,0.8574
3483,4359,0.8744
3483,4747,0.8886
3483,4856,0.8263
3483,6159,0.8964
3483,7058,0.9246
3483,7807,0.9138
3483,7815,0.9109
3483,8936,0.8494
3486,8482,0.8504
3488,7932,0.961
3489,4316,0.8897
3493,6206,0.859
3493,7898,0.8756
3498,4210,0.864
3499,8947,0.8161
3505,6706,0.8883
3507,8999,0.8097
3508,4837,0.8514
3508,5379,0.8629
3526,7118,0.9973
3527,6435,0.9675
3527,7063,0.946
3529,3982,0.8736
3529,4337,0.8133
3529,6765,0.8814
3529,8725,0.8459
3530,9462,0.9086
3536,4053,0.833
3536,4269,0.8176
3536,6906,0.9627
3536,7580,0.8742
3536,7693,0.8962
3538,5825,0.8211
3540,7018,0.9823
3542,7205,0.9773
3543,5831,0.9384
3550,7657,0.918
3551,4301,0.9673
3551,4612,0.854
3553,7675,0.8105
3560,3763,0.9911
3561,8811,0.863
3568,7162,0.9405
3594,4443,0.8008
3594,4538,0.8707
3594,5216,0.9042
3594,7283,0.821
3597,4359,0.9146
3597,4856,0.9356
3597,6159,0.8555
3597,7058,0.8297
3597,7738,0.845
3597,7807,0.8277
3597,7815,0.82
3597,8936,0.9286
3605,4472,0.9785
3605,5383,0.9785
3605,7704,0.9744
3610,7640,0.8569
3611,4610,1.0
3611,8144,0.9721
3612,8875,0.9563
3615,4829,0.8594
3615,5840,0.9528
3615,7771,0.888
3615,8736,0.8898
3622,3716,0.8795
3622,4448,0.8795
3622,6822,0.8795
3622,8922,0.8523
3624,7999,0.9575
3631,5741,0.8276
3631,6052,0.8276
3631,7358,0.8276
3631,7840,0.8276
3631,7913,0.8276
3631,9219,0.8276
3635,4452,0.931
3635,7466,0.9105
3635,7839,0.9258
3635,9225,0.931
3636,5650,0.9095
3638,4352,0.927
3638,7494,0.9334
3638,7855,0.8189
3643,4858,0.8182
3646,5525,0.976
3677,5392,0.8819
3677,5868,0.8881
3677,6836,0.9286
3690,7528,1.0
3695,6552,0.8394
3697,4816,0.8692
3700,5274,0.8824
3702,7856,0.8611
3704,7314,0.8757
3716,4448,0.8795
3716,6822,0.8795
3719,5446,0.8096
3719,7211,0.8531
3719,9008,0.8412
3722,4603,0.8772
3722,5179,0.8665
3722,5923,0.888
3722,6184,0.9098
3722,6205,0.8629
3722,7921,0.8772
3722,9187,0.8651
3726,7368,0.9143
3726,8555,0.863
3728,4453,0.9503
3729,5182,0.9531
3729,8532,0.9589
3743,8968,0.85
3746,8457,0.9259
3754,5099,0.9733
3755,4366,0.85
3762,5638,0.9099
3764,7296,0.8189
3765,7466,0.8099
3770,8193,0.9622
3785,5139,0.8386
3795,9300,0.8478
3796,6981,0.8073
3800,6295,0.8023
3804,4144,0.8743
3804,5444,0.932
3804,7138,0.8686
3804,8045,0.8743
3804,8832,0.8743
3818,8513,0.9232
3821,6081,0.8
3821,6531,0.8
3823,3966,0.8007
3824,4632,0.9317
3842,4836,0.8743
3842,7870,0.9314
3842,9233,0.9823
3843,3973,0.9626
3844,8825,0.9622
3851,5409,0.9787
3851,5547,0.9743
3857,3899,0.9016
3857,4754,0.9799
3857,5159,0.9063
3857,7398,0.9162
3857,7563,0.9712
3857,8249,0.8689
3859,4912,0.8246
3859,5716,0.8246
3859,6285,0.8246
3859,8507,0.8246
3859,8597,0.8246
3859,8739,0.8246
3859,8840,0.8246
3863,6625,0.9673
3869,6291,0.8671
3871,3962,0.9711
3871,5386,0.8047
3871,6594,0.9227
3871,6709,0.8835
3871,8116,0.9687
3871,8749,0.9958
3874,3935,0.8696
3878,5255,0.9182
3879,3933,0.8086
3888,4798,0.8333
3890,9166,0.8887
3893,9078,0.9463
3894,6295,0.9349
3894,6497,0.9698
3899,4754,0.92
3899,5159,0.9946
3899,7398,0.9837
3899,7563,0.9286
3899,8249,0.9636
3900,5884,0.9048
3900,9278,0.8
3903,5670,0.9703
3905,6970,0.8111
3905,7142,0.8111
3909,4030,0.8425
3909,4344,0.8425
3909,5666,0.891
3909,6703,0.891
3923,8075,0.8785
3939,6161,0.8247
3939,7039,0.8889
3952,6468,0.9861
3953,4597,0.845
3957,5784,0.8198
3959,7116,0.8977
3959,7810,0.9959
3962,6594,0.9394
3962,6709,0.8676
3962,8116,0.951
3962,8749,0.967
3968,4843,0.8231
3968,6319,0.8231
3978,8289,0.8718
3982,4337,0.8042
3982,6765,0.9343
3987,5440,0.8381
3991,7301,0.8626
3993,4207,0.9591
3993,6983,0.9348
3995,4734,0.9036
3998,8059,0.8971
4005,5310,0.978
4005,8468,0.9164
4005,9139,0.9644
4013,5108,0.8972
4013,6679,0.8664
4013,6885,0.875
4013,6900,0.815
4013,7555,0.8704
4013,7836,0.875
4013,7989,0.9526
4013,8371,0.8664
4013,9319,0.8704
4022,9229,0.8229
4029,5368,0.8133
4030,4344,1.0
4030,5666,0.9231
4030,6703,0.9231
4032,6146,0.9892
4036,4387,0.9016
4053,4269,0.9593
4053,6906,0.8502
4053,7580,0.9423
4053,7693,0.92
4053,7871,0.8791
4053,8137,0.8872
4061,5178,0.898
4066,8765,0.8936
4072,5426,0.8445
4078,4095,0.9829
4078,4152,0.8911
4078,6305,0.8829
4078,7304,0.972
4084,8862,0.8824
4095,4152,0.8977
4095,6305,0.8678
4095,7304,0.989
4100,4332,0.8073
4101,8999,0.8972
4103,5425,0.8977
4107,8194,0.9277
4130,5738,0.9659
4131,6755,0.9143
4131,9101,0.8226
4144,5444,0.8743
4144,7138,0.885
4144,8045,0.9136
4144,8832,0.9597
4152,6305,0.9408
4152,7304,0.8876
4172,7545,0.9534
4174,4803,0.9855
4174,7042,0.9241
4174,8118,1.0
4174,9036,0.9048
4174,9380,0.888
4178,7410,0.9674
4178,8117,0.8419
4192,8341,0.9185
4207,6983,0.9438
4213,6341,0.8296
4216,7085,0.8783
4218,8628,0.8661
4219,4711,0.9253
4221,8332,0.9178
4221,8680,0.9049
4239,8112,0.9963
4240,4365,0.992
4240,6779,0.8836
4240,8033,0.9646
4240,8422,0.9107
4240,8664,0.8891
4240,9483,0.9168
4245,4642,0.806
4247,7499,0.9459
4247,8727,0.9115
4248,4362,0.8889
4254,4451,0.8584
4254,9083,0.8584
4262,5290,0.8172
4262,8757,0.8164
4266,6999,0.8132
4267,7488,0.9653
4268,5673,0.8592
4268,6426,0.8592
4268,7368,0.8592
4269,6906,0.8348
4269,7580,0.9052
4269,7693,0.8886
4269,7871,0.9104
4269,8137,0.9191
4291,7151,0.8462
4293,7936,0.8684
4298,4346,0.9614
4298,4653,0.89
4298,5327,0.9874
4301,4612,0.8836
4315,4624,0.9325
4319,4690,0.8441
4320,5171,0.958
4332,5301,0.8131
4332,7146,0.8
4332,7589,0.9392
4332,9154,0.9171
4335,8855,0.8582
4344,5666,0.9231
4344,6703,0.9231
4346,4653,0.9221
4346,5327,0.9526
4348,7250,0.994
4349,4361,0.8305
4351,5359,0.8333
4351,7894,0.8973
4352,7494,0.9675
4352,7855,0.8248
4355,7163,0.8763
4355,8057,0.917
4357,8390,0.8084
4359,4856,0.8964
4359,6159,0.824
4359,7058,0.8465
4359,7738,0.8456
4359,7807,0.8392
4359,7815,0.8367
4359,8936,0.9204
4363,7468,0.8438
4363,8280,0.9786
4365,6779,0.8907
4365,8033,0.9723
4365,8422,0.9181
4365,8664,0.8819
4365,9483,0.9242
4367,4814,0.8429
4370,8567,0.9101
4382,5427,0.8372
4404,6700,0.8165
4410,7635,0.8396
4417,8652,0.9397
4422,7799,0.8355
4422,8881,0.8443
4423,4780,0.9392
4428,7430,0.9462
4443,7283,0.8734
4443,7291,0.8348
4443,7709,0.9447
4445,6357,0.8247
4445,8489,0.8723
4448,6822,0.8795
4448,8922,0.8111
4451,9083,1.0
4452,7466,0.8492
4452,7839,0.9626
4452,9225,0.98
4467,5449,0.8703
4467,9449,0.8182
4469,5541,0.8077
4470,5513,0.9708
4471,5480,0.8192
4471,5869,0.9052
4472,5383,1.0
4472,7704,0.987
4480,7415,0.875
4481,7512,0.9351
4491,8499,0.9634
4492,8446,0.8902
4494,6902,0.8366
4494,6953,0.8303
4504,6233,0.8641
4505,6406,0.8313
4509,5947,0.8
4509,6271,0.8324
4514,7733,0.8514
4514,8584,0.8339
4525,4861,0.8901
4525,7117,0.8901
4525,8009,0.8901
4527,5870,0.8592
4527,7835,0.8592
4534,6211,0.9696
4534,6338,0.9737
4534,9082,0.9685
4536,8971,0.8003
4538,5216,0.8953
4538,7709,0.8048
4543,6495,0.8608
4544,6782,0.9925
4546,9024,0.818
4556,9128,0.838
4556,9344,0.8945
4559,6210,0.8316
4563,5689,0.8441
4572,9209,0.9509
4598,5253,0.8764
4599,7004,0.8013
4599,8041,0.8013
4600,4845,0.8376
4603,5179,0.9512
4603,5923,0.838
4603,6184,0.9663
4603,6205,0.9738
4603,7921,1.0
4603,8386,0.8407
4603,9187,0.9608
4606,7792,0.8208
4607,7584,0.8056
4610,8144,0.9721
4611,5093,0.8881
4611,8010,0.8822
4611,8351,0.8915
4614,6034,0.8571
4623,8171,0.9853
4627,9153,0.9122
4631,5754,0.8242
4631,9382,0.8851
4634,5022,0.8065
4642,5108,0.8416
4642,6679,0.8539
4642,6885,0.8539
4642,6900,0.8945
4642,7555,0.8493
4642,7836,0.8288
4642,7989,0.8194
4642,8371,0.8539
4642,9319,0.8493
4644,6866,0.8266
4653,5327,0.8818
4665,6701,0.9429
4665,7472,0.9398
4665,7498,0.8996
4665,7571,0.9025
4690,5668,0.9254
4690,5974,0.8727
4694,7950,0.8302
4705,9415,0.8792
4714,7824,0.818
4733,7564,0.9489
4735,9032,0.9528
4736,5424,0.8742
4736,6430,0.8436
4736,6968,0.8544
4736,7201,0.9789
4736,8718,0.8419
4741,4762,0.816
4747,6159,0.8455
4747,7058,0.8713
4747,7807,0.8612
4747,7815,0.8586
4750,5624,0.952
4752,6431,0.837
4753,6361,0.8889
4753,6992,0.8478
4753,7423,0.837
4753,7919,0.8061
4753,8312,0.837
4753,9300,0.837
4754,5159,0.9249
4754,7398,0.935
4754,7563,0.991
4754,8249,0.8867
4763,4896,0.9256
4775,7670,0.8
4775,8598,0.8684
4775,9352,0.8684
4788,6628,0.8078
4790,5341,0.902
4790,6862,0.9737
4790,8878,0.9103
4792,5863,0.8322
4792,6498,1.0
4795,7384,0.9155
4796,6020,0.9254
4796,9079,0.9055
4796,9259,0.8332
4796,9465,0.9223
4797,9473,0.8269
4801,6438,0.8169
4801,8398,0.8169
4803,7042,0.9106
4803,8118,0.9855
4803,9036,0.8918
4803,9380,0.8751
4805,5010,0.8072
4805,8792,0.8584
4829,5840,0.8382
4829,7771,0.9672
4829,8736,0.9654
4831,6431,0.8791
4834,5326,0.9321
4836,7870,0.8481
4836,9233,0.8904
4837,5379,0.986
4843,6319,0.9811
4851,5689,0.9044
4855,4914,0.947
4855,7681,0.9388
4855,8724,0.9708
4855,8977,0.9234
4856,6159,0.865
4856,7058,0.8389
4856,7738,0.8187
4856,7807,0.8424
4856,7815,0.8346
4856,8936,0.9016
4859,8070,0.947
4861,7117,0.8901
4861,8009,0.8901
4865,7255,0.837
4865,7317,0.9627
4865,9315,0.9908
4884,7249,0.8677
4887,4967,0.8563
4887,7766,0.8458
4893,6877,0.9224
4894,6873,0.928
4899,5420,0.9503
4901,9349,0.9417
4912,5716,0.8246
4912,6285,0.8246
4912,8507,0.8246
4912,8597,0.8246
4912,8739,0.8246
4912,8840,0.8246
4914,7681,0.9197
4914,8724,0.9682
4914,8977,0.946
4915,7986,0.8534
4915,9311,0.8534
4918,5451,0.9797
4918,9011,0.9561
4922,7864,0.8352
4932,5649,0.9121
4934,5627,0.8267
4934,6621,0.8395
4934,9067,0.8085
4936,7388,0.8718
4939,7026,0.8234
4941,8459,0.8266
4952,5408,0.8459
4952,6834,0.8603
4955,5236,0.8244
4955,6678,0.8527
4955,6959,0.8672
4959,6756,1.0
4959,7277,0.8724
4959,9178,0.8724
4967,5316,0.8968
4967,6078,0.8885
4967,7766,0.9593
4976,9158,0.9611
4979,6145,0.8939
4983,5625,0.9945
4984,5421,0.8977
4986,8927,0.8966
4987,6684,0.8707
4988,9398,0.9046
5000,6565,0.8383
5008,5332,0.929
5008,7731,0.929
5010,8792,0.8003
5011,8051,0.8519
5022,6215,0.9425
5033,9343,0.8471
5041,5349,0.875
5041,6248,1.0
5041,8400,0.936
5041,8818,0.9495
5048,5175,0.8498
5073,9426,0.8573
5081,6384,0.9309
5081,8323,0.9273
5085,6151,0.922
5090,7102,1.0
5092,8258,1.0
5093,8010,0.9448
5093,8351,0.8581
5108,6679,0.9183
5108,6885,0.9183
5108,6900,0.8624
5108,7555,0.9703
5108,7836,0.891
5108,7989,0.9242
5108,8371,0.9183
5108,9319,0.9227
5129,6631,0.8938
5134,5701,0.9206
5140,8049,0.9807
5143,9272,0.814
5144,6080,1.0
5144,6120,0.986
5145,8675,0.9328
5159,7398,0.9891
5159,7563,0.9336
5159,8249,0.9583
5163,6874,0.9461
5174,6126,0.9083
5176,7479,0.8505
5179,6184,0.9541
5179,6205,0.9512
5179,7921,0.9512
5179,8386,0.8005
5179,9187,0.9436
5182,8532,0.9531
5197,6975,0.8714
5230,9073,0.869
5236,6678,0.8862
5236,6959,0.9174
5248,5342,0.8507
5249,6393,0.8846
5252,8153,0.9336
5260,8521,0.8684
5290,8757,0.9892
5291,8126,0.8
5299,5384,0.8678
5299,9015,0.9173
5299,9378,0.8353
5300,5584,0.8892
5301,6602,0.8465
5301,7146,0.8564
5301,7589,0.866
5310,8468,0.9217
5310,9139,0.9746
5316,6078,0.954
5316,7595,0.8392
5316,7766,0.8711
5320,6047,0.8372
5324,7946,0.8199
5332,7731,1.0
5334,7586,0.8415
5336,6796,0.9008
5341,6862,0.8925
5341,8878,0.8942
5349,6248,0.875
5349,8400,0.9366
5349,8818,0.831
5359,7894,0.8763
5363,7585,0.8333
5369,8134,0.853
5369,9478,0.9554
5383,7704,0.987
5384,9015,0.9012
5384,9378,0.8327
5386,6296,0.9549
5386,6709,0.8711
5386,8116,0.8247
5386,8379,0.9756
5386,8749,0.808
5389,5713,0.8246
5389,6059,0.8246
5389,6097,0.8246
5389,6252,0.8246
5389,8717,0.8246
5389,8797,0.8246
5389,8940,0.8246
5389,9307,0.8246
5391,6763,0.9955
5392,5868,0.8435
5392,6836,0.8819
5398,7944,0.8992
5398,8583,0.8738
5407,8592,0.875
5408,6834,0.9742
5409,5547,0.9948
5412,6436,0.8665
5412,8539,0.8852
5419,6949,0.9583
5419,9491,1.0
5424,6430,0.8506
5424,6968,0.9428
5424,7201,0.8684
5424,8718,0.8669
5432,8451,0.8092
5438,6332,0.8679
5444,7138,0.8686
5444,8045,0.8743
5444,8832,0.8743
5446,7211,0.8096
5446,9008,0.8032
5449,5601,0.844
5449,7530,0.8588
5449,9449,0.9454
5451,9011,0.9365
5453,7802,0.8383
5453,8997,0.8975
5458,6417,0.8611
5458,7719,0.8611
5459,6597,0.8341
5473,7298,0.8
5489,7620,0.8082
5518,8014,0.8147
5535,9010,0.9383
5535,9136,0.8551
5536,8387,0.8154
5537,6795,0.9363
5545,6339,0.8113
5545,6353,0.8113
5545,7401,0.8113
5545,9027,0.8113
5549,6830,0.8017
5555,8461,0.9327
5558,5768,0.8936
5562,8417,0.8144
5574,7660,0.9852
5577,8463,0.9628
5578,7316,0.976
5586,9052,0.8393
5593,5771,0.907
5593,6168,0.9176
5593,8295,0.858
5596,7547,0.9763
5600,8361,0.9333
5600,9411,0.9333
5601,9449,0.8683
5603,6510,0.9048
5627,6621,0.9405
5627,9067,0.918
5647,8288,0.9197
5665,5757,0.8333
5665,5935,0.8333
5665,7565,0.8
5665,9318,0.8333
5666,6703,1.0
5668,5974,0.9434
5673,6426,0.8592
5673,7368,0.8592
5673,8555,0.9143
5681,5774,0.9417
5686,6270,1.0
5690,6032,0.9435
5690,7360,0.9436
5690,8635,0.922
5713,6059,0.8246
5713,6097,0.8246
5713,6252,0.8246
5713,8717,0.8246
5713,8797,0.8246
5713,8940,0.8246
5713,9307,0.8246
5716,6285,0.8246
5716,8507,0.8246
5716,8597,0.8246
5716,8739,0.8246
5716,8840,0.8246
5718,7226,0.8988
5733,7577,0.9139
5733,9414,0.8609
5739,8215,0.8943
5741,6052,0.8276
5741,7358,0.8276
5741,7840,0.8276
5741,7913,0.8276
5741,9219,0.8276
5746,9281,0.814
5747,8078,0.8923
5753,8145,0.9784
5754,9382,0.9302
5757,5935,0.9091
5757,9318,0.9091
5771,6168,0.9641
5771,8295,0.9467
5776,5889,0.8439
5776,7429,0.8388
5776,7436,0.8439
5790,8955,0.9156
5806,7844,0.991
5837,7738,0.8745
5837,8446,0.8393
5840,7771,0.866
5840,8736,0.8677
5848,7329,0.8795
5852,7189,0.9099
5852,8731,0.8403
5852,8970,0.8522
5857,8411,0.8667
5863,6498,0.8322
5867,6191,0.8539
5867,6575,0.9186
5868,6836,0.9286
5870,7835,0.8592
5871,8496,0.9774
5881,6418,0.8193
5884,9278,0.8221
5886,6693,0.9587
5886,7255,0.8546
5886,7290,0.9754
5889,7429,0.8277
5889,7436,0.8439
5893,7001,0.9038
5918,6099,0.8829
5923,6184,0.8099
5923,6205,0.815
5923,7921,0.838
5923,8386,0.8216
5923,9187,0.8125
5932,9357,0.8545
5935,9318,1.0
5938,7256,0.9551
5942,9099,0.9555
5947,9145,0.8092
5959,7910,0.8187
5968,6496,0.8182
5968,8536,0.8718
5971,6864,0.85
5981,7842,0.84
5995,8630,0.92
6020,9079,0.8935
6020,9259,0.8369
6020,9465,0.9031
6032,7360,0.9726
6032,8635,0.8699
6036,6247,0.924
6041,6166,0.8806
6042,6245,0.8129
6052,7358,0.8276
6052,7840,0.8276
6052,7913,0.8276
6052,9219,0.8276
6059,6097,0.8246
6059,6252,0.8246
6059,8717,0.8246
6059,8797,0.8246
6059,8940,0.8246
6059,9307,0.8246
6068,7166,0.8362
6068,7400,0.9139
6071,9371,0.9563
6078,7595,0.8802
6078,7766,0.8602
6080,6120,0.986
6081,6531,0.9639
6084,6840,0.8333
6084,9313,0.8333
6086,8283,0.8228
6087,7027,0.8606
6087,7527,0.8155
6097,6252,0.8246
6097,8717,0.8246
6097,8797,0.8246
6097,8940,0.8246
6097,9307,0.8246
6105,6847,0.8733
6122,6811,0.9765
6122,8052,0.9312
6122,8458,0.9491
6123,7722,0.8364
6133,7906,0.936
6133,9108,1.0
6133,9223,0.936
6158,6721,0.8566
6159,7058,0.932
6159,7807,0.9119
6159,7815,0.9091
6159,8936,0.8234
6160,9367,0.8319
6161,7039,0.8061
6161,9361,0.8854
6168,8295,0.9123
6178,8380,0.9024
6178,9322,0.886
6184,6205,0.9512
6184,7921,0.9663
6184,8386,0.8134
6184,9187,0.9436
6191,6575,0.8539
6205,7921,0.9738
6205,8386,0.8184
6205,9187,0.9608
6206,7898,0.9808
6211,6338,0.9696
6211,9082,0.9644
6217,8830,0.9841
6217,8842,0.9171
6238,8106,0.822
6248,8400,0.936
6248,8818,0.9495
6252,8717,0.8246
6252,8797,0.8246
6252,8940,0.8246
6252,9307,0.8246
6271,9145,0.8081
6272,7419,0.8304
6275,7535,0.949
6280,8031,0.8633
6280,8909,1.0
6281,7085,0.8281
6285,8507,0.8246
6285,8597,0.8246
6285,8739,0.8246
6285,8840,0.8246
6295,6497,0.9222
6296,6709,0.8753
6296,8116,0.8002
6296,8379,0.9764
6305,7304,0.8578
6313,9180,0.9768
6314,8921,0.9383
6318,6344,0.965
6324,8147,0.956
6324,8642,0.9608
6338,9082,0.9685
6339,6353,0.8113
6339,7401,0.8113
6339,9027,0.8113
6347,6771,0.958
6347,6884,0.8185
6352,8011,0.8227
6353,7401,0.8113
6353,9027,0.8113
6357,8489,0.9325
6361,6992,0.8478
6361,7423,0.837
6361,8312,0.837
6361,9300,0.837
6368,8179,0.8389
6373,9274,0.8313
6377,8826,0.929
6384,8323,0.8964
6392,9069,0.8618
6396,6511,0.8567
6396,6966,0.9772
6410,9110,0.8129
6417,7719,0.8611
6426,7368,0.8592
6430,6968,0.9043
6430,7201,0.8623
6430,8718,0.9295
6435,7063,0.9357
6436,7091,0.8525
6436,8539,0.8485
6438,8398,0.831
6443,8428,0.8944
6458,8484,0.8765
6470,6733,0.8
6472,7341,0.8211
6472,7700,0.8864
6473,9026,0.9048
6496,8536,0.8182
6500,7969,0.8639
6500,8435,0.8116
6500,8508,0.8116
6505,7261,0.816
6508,8279,0.9083
6511,6966,0.8434
6528,9490,0.9085
6529,9182,0.8395
6534,8300,0.8237
6578,7777,0.9862
6594,6709,0.8349
6594,8116,0.9057
6594,8749,0.9187
6621,9067,0.9176
6632,8125,0.9241
6662,8715,0.8626
6671,7200,0.82
6678,6959,0.9174
6679,6885,0.951
6679,6900,0.875
6679,7555,0.9272
6679,7836,0.9043
6679,7989,0.9104
6679,8371,0.932
6679,9319,0.9272
6687,6831,0.9029
6693,7255,0.8401
6693,7290,0.9352
6701,7472,0.9968
6701,7498,0.9501
6701,7571,0.9532
6709,8116,0.9023
6709,8379,0.8898
6709,8749,0.8871
6727,8213,0.8649
6740,7451,0.9627
6741,7338,0.8088
6742,7092,0.8026
6743,9317,0.8793
6748,8480,0.8103
6755,9101,0.8621
6756,7277,0.8724
6756,9178,0.8724
6769,7192,0.8595
6769,9216,0.878
6771,6884,0.8416
6779,8033,0.8987
6779,8422,0.9473
6779,9483,0.9539
6783,8017,0.8354
6807,9294,0.8113
6808,9442,0.9401
6811,8052,0.9358
6811,8458,0.9537
6816,8725,0.8378
6821,7641,0.8742
6833,7380,0.8304
6833,8279,0.8571
6840,9313,0.8864
6862,8878,0.9351
6885,6900,0.875
6885,7555,0.9272
6885,7836,0.951
6885,7989,0.9194
6885,8371,0.951
6885,9319,0.9272
6900,7555,0.8704
6900,7836,0.8493
6900,7989,0.8393
6900,8371,0.875
6900,9319,0.8704
6906,7580,0.8677
6906,7693,0.8643
6917,7337,0.8182
6918,9328,0.9965
6919,8593,0.8576
6925,7322,0.9
6930,8323,0.8103
6938,9117,0.9227
6944,7034,0.9241
6949,9491,0.9583
6952,8854,0.8374
6958,8427,0.9029
6968,7201,0.873
6968,8718,0.9208
6970,7142,1.0
6973,7378,0.9
6973,7493,0.836
6973,9077,0.8166
6992,7423,0.837
6992,8312,0.837
6992,9300,0.837
7003,8016,0.9153
7004,8041,0.8621
7036,8542,0.9817
7042,8118,0.9241
7042,9036,0.9778
7042,9380,0.9602
7058,7807,0.9378
7058,7815,0.9348
7058,8936,0.846
7083,8606,0.8917
7108,8985,0.8158
7116,7810,0.8938
7117,8009,0.8901
7120,8815,0.9034
7138,8045,0.8665
7138,8832,0.8665
7146,7589,0.8534
7151,8129,0.9202
7163,8057,0.9094
7166,7400,0.9095
7189,8731,0.8559
7189,8970,0.8522
7192,9216,0.9107
7200,8960,0.948
7201,8718,0.8604
7211,9008,0.8412
7238,9306,0.8151
7239,8813,0.8505
7247,7371,0.9117
7255,7290,0.8331
7255,7317,0.8129
7255,9315,0.837
7277,9178,1.0
7283,7291,0.8178
7283,7709,0.9238
7291,7709,0.8509
7299,8746,0.9123
7303,8421,0.8352
7317,9315,0.9627
7336,8292,0.9642
7341,7700,0.8602
7358,7840,0.8276
7358,7913,0.8276
7358,9219,0.8276
7359,8958,0.8519
7360,8635,0.8701
7363,9133,0.9495
7378,7493,0.8219
7378,9077,0.8049
7380,8279,0.8807
7388,7634,0.8
7389,8771,0.9156
7398,7563,0.9437
7398,8249,0.9479
7401,9027,0.8113
7410,8117,0.8159
7415,8233,0.9074
7423,8312,0.8876
7423,9300,0.8876
7429,7436,0.8277
7466,7839,0.845
7466,9225,0.8492
7467,7721,0.8431
7468,8280,0.8539
7472,7498,0.9531
7472,7571,0.9501
7487,8211,0.9706
7487,8218,0.8516
7493,9077,0.8026
7494,7855,0.8188
7498,7571,0.9968
7499,8727,0.9016
7510,7925,0.8856
7530,9449,0.9048
7536,7811,0.974
7555,7836,0.8995
7555,7989,0.8967
7555,8371,0.9272
7555,9319,0.9317
7563,8249,0.895
7580,7693,0.9699
7580,7871,0.8367
7580,8137,0.8443
7589,9154,0.8617
7597,8345,0.8813
7637,9129,0.8378
7670,8598,0.8
7670,9352,0.92
7681,8724,0.9388
7681,8977,0.9683
7693,7871,0.8252
7693,8137,0.8327
7716,8672,0.8171
7733,8584,0.8974
7738,8936,0.8327
7771,8736,0.9981
7799,8696,0.9446
7802,8997,0.9167
7806,8431,0.9502
7807,7815,0.9901
7807,8936,0.8441
7815,8936,0.8525
7821,9374,0.8206
7825,8073,0.984
7836,7989,0.875
7836,8371,0.9227
7836,9319,0.8995
7839,9225,0.9665
7840,7913,0.8276
7840,9219,0.8276
7841,7895,0.8485
7862,8272,0.8061
7870,9233,0.9144
7871,8137,0.9906
7906,9108,0.936
7906,9223,0.9593
7913,9219,0.8276
7921,8386,0.8407
7921,9187,0.9608
7940,9487,0.8718
7944,8583,0.8738
7957,9028,0.8703
7968,8388,0.945
7969,8435,0.8019
7969,8508,0.8019
7986,9311,0.8534
7989,8371,0.8925
7989,9319,0.8967
7996,8185,0.8901
8002,8549,0.9065
8010,8351,0.8771
8031,8909,0.8633
8033,8422,0.9216
8033,8664,0.858
8033,9483,0.9322
8045,8832,0.9136
8052,8458,0.9358
8063,9213,0.8734
8067,8742,0.9298
8087,8329,0.9021
8103,8742,0.8179
8116,8379,0.8136
8116,8749,0.9728
8118,9036,0.9048
8118,9380,0.888
8127,8997,0.8468
8134,9478,0.8606
8147,8642,0.9765
8150,8687,1.0
8157,8391,0.8699
8211,8218,0.8659
8221,9383,0.969
8250,8703,0.8571
8250,8810,0.8958
8312,9300,0.8876
8332,8680,0.917
8361,9411,0.9333
8363,8527,0.8921
8367,8556,0.8329
8371,9319,0.9272
8379,8749,0.8005
8380,9322,0.919
8386,9187,0.8072
8389,8637,0.8682
8400,8818,0.8894
8422,8664,0.8078
8422,9483,0.9792
8435,8508,0.9402
8468,9139,0.9347
8498,8937,0.9012
8507,8597,0.8246
8507,8739,0.8246
8507,8840,0.8246
8517,8849,0.9608
8536,9241,0.8289
8545,8681,0.9413
8597,8739,0.8246
8597,8840,0.8246
8598,9352,0.8684
8624,9357,0.8783
8655,8905,0.8312
8664,9483,0.8138
8703,8810,0.8571
8707,9012,0.9715
8717,8797,0.8246
8717,8940,0.8246
8717,9307,0.8246
8724,8977,0.9234
8731,8970,0.8333
8739,8840,0.8246
8797,8940,0.8246
8797,9307,0.8246
8830,8842,0.9028
8863,8895,0.8333
8940,9307,0.8246
8951,9324,0.9661
8979,9422,0.8182
9010,9136,0.8023
9015,9378,0.8644
9036,9380,0.9392
9079,9259,0.8327
9079,9465,0.8886
9108,9223,0.936
9259,9465,0.8224
9405,9446,0.9715
